station_name,pollution_score_mean,lines_affected,station_id_list,latitude,longitude,avg_passages
Abbesses,1.0,Métro 12,IDFM:463116,48.87500344147833,2.5815534685669776,32.89320388349515
Aimé Césaire,1.0,Métro 12,IDFM:483900,48.90843758066954,2.37813084516706,32.3984962406015
Alexandre Dumas,2.0,Métro 2,IDFM:22122,48.740574483428325,2.4467918786069998,20.572769953051644
Alma - Marceau,2.0,Métro 9,IDFM:463052,48.8647282422178,2.301130527470699,33.280851063829786
Alésia,1.0,Métro 4,IDFM:463118,48.82820106421924,2.3270932349484528,86.25581395348837
Anatole France,1.0,Métro 3,IDFM:22036,48.77643766769511,2.274320300530046,12.95166163141994
Anvers,2.0,Métro 2,IDFM:22123,48.882868568843925,2.344154840330292,70.13953488372093
Argentine,1.0,Métro 1,IDFM:463121,48.87566737659971,2.289435418542214,44.4392523364486
Arts et Métiers,1.5,"Métro 3, Métro 11","IDFM:21994, IDFM:21997",48.86553459885931,2.3567233472754983,37.5886524822695
Asnières - Gennevilliers Les Courtilles,1.0,Métro 13,IDFM:22233,48.93060364140038,2.284372100658843,45.857142857142854
Assemblée Nationale,2.0,Métro 12,IDFM:463123,48.86107193952608,2.320575836647556,22.37651821862348
Auber,2.0,RER A,IDFM:monomodalStopPlace:45873,48.87230278742097,2.329795528739104,29.06382978723404
Aubervilliers-Pantin Quatre Chemins,2.0,Métro 7,IDFM:463031,48.90379699038963,2.392114382497849,62.44186046511628
Avenue Emile Zola,2.0,Métro 10,IDFM:463124,48.84695722990175,2.2950459810371475,25.931506849315067
Avenue Foch,2.0,RER C,IDFM:monomodalStopPlace:45437,48.86985281215763,2.2747712644338454,52.4
Avenue Henri Martin,1.0,RER C,IDFM:monomodalStopPlace:45447,48.86545537297977,2.2722351438875577,52.4
Avenue du Président Kennedy Maison de Radio France,1.0,RER C,IDFM:monomodalStopPlace:45419,48.85352548506894,2.279679454187814,51.55
Avron,2.0,Métro 2,IDFM:22124,48.85164854359716,2.3981875566593973,33.49367088607595
Aéroport CDG 1 (Terminal 3) - RER,2.0,RER B,IDFM:monomodalStopPlace:462398,49.00979397116337,2.5614121946317394,125.0
Bagneux - Lucie Aubrac,1.0,Métro 4,IDFM:483314,48.80354822259104,2.317458362049886,87.61904761904762
Balard,2.0,Métro 8,IDFM:463051,48.83665079228612,2.278509358807,33.361111111111114
Barbara,1.0,Métro 4,IDFM:483277,48.80946338671965,2.3169588198268345,46.4375
Barbès - Rochechouart,1.0,Métro 4,IDFM:22130,48.88377608955688,2.3506070793550977,35.399253731343286
Basilique de Saint-Denis,2.0,Métro 13,IDFM:22240,48.93678306532419,2.3592958408126816,39.325581395348834
Bastille,2.0,"Métro 1, Métro 5, Métro 8","IDFM:463019, IDFM:22010, IDFM:22097",48.85328747830434,2.368922075646989,44.74035087719298
Belleville,2.5,"Métro 11, Métro 2","IDFM:463110, IDFM:22128",48.87190897536768,2.376753738418521,31.902564102564103
Bercy,1.5,"Métro 6, Métro 14","IDFM:22178, IDFM:463129",48.84014763512746,2.3791909087742877,94.14150943396227
Bibliothèque François Mitterrand,1.0,"Métro 14, RER C","IDFM:463112, IDFM:monomodalStopPlace:45301",48.8300063775369,2.3764237443204546,47.61153846153846
Billancourt,2.0,Métro 9,IDFM:463035,48.83228510682582,2.238735846203688,39.56989247311828
Blanche,2.0,Métro 2,IDFM:463113,48.88352666803642,2.3330465396910984,32.09326424870466
Bobigny Pablo Picasso,2.0,Métro 5,IDFM:463131,48.906844775004565,2.449595046900673,21.04722222222222
Bobigny-Pantin - Raymond Queneau,2.0,Métro 5,IDFM:22014,48.89560207433252,2.426308679232036,72.88372093023256
Boissière,2.0,Métro 6,IDFM:463114,48.68961284032983,2.1785896871036674,34.93037974683544
Bolivar,2.0,Métro 7B,IDFM:463132,48.88078966297506,2.374124871187542,23.59090909090909
Bonne Nouvelle,2.0,"Métro 8, Métro 9","IDFM:463115, IDFM:463133",48.8706433160169,2.3484940979375373,78.64285714285714
Botzaris,2.0,Métro 7B,IDFM:463134,48.87943610160117,2.388908111185046,23.53416149068323
Boucicaut,1.0,Métro 8,IDFM:22188,48.841024160993214,2.2879184311245595,54.48192771084337
Boulainvilliers,2.0,RER C,IDFM:monomodalStopPlace:45453,48.856981095562965,2.274806827480264,51.55
Boulogne Jean Jaurès,2.0,Métro 10,IDFM:463137,48.842063301935575,2.239042669312605,39.46511627906977
Boulogne Pont de Saint-Cloud,2.0,Métro 10,IDFM:463136,48.84067248206251,2.2283125898228056,39.46511627906977
Bourse,2.0,Métro 3,IDFM:22033,48.86879284393317,2.340678546975881,29.90066225165563
Brochant,1.0,Métro 13,IDFM:22231,48.891138075982674,2.320797236953444,36.05357142857143
Bréguet-Sabin,2.0,Métro 5,IDFM:22008,48.85441809233289,2.3718521849492413,12.294117647058824
Bussy-Saint-Georges,1.0,RER A,IDFM:monomodalStopPlace:58874,48.83671337078136,2.710382839509696,85.57142857142857
Buttes Chaumont,2.0,Métro 7B,IDFM:24683,48.87849908839857,2.381569842088008,18.535714285714285
Buzenval,2.0,Métro 9,IDFM:463039,48.91624769567262,2.178737957860779,26.625
Bérault,1.0,Métro 1,IDFM:463130,48.84540614839331,2.4292049740990573,92.65116279069767
Cadet,1.0,Métro 7,IDFM:463139,48.87596328507557,2.344446309702274,33.838235294117645
Campo-Formio,2.0,Métro 5,IDFM:22009,48.83559543123327,2.358468834639247,73.09302325581395
Cardinal Lemoine,2.0,Métro 10,IDFM:463141,48.84670003526311,2.3513280016731763,28.576576576576578
Carrefour Pleyel,1.0,Métro 13,IDFM:462976,48.91980854982986,2.343443653352174,24.36
Censier - Daubenton,2.0,Métro 7,IDFM:22391,48.84022624851393,2.351626572605499,34.58015267175573
Cergy Préfecture,2.0,RER A,IDFM:monomodalStopPlace:44559,49.036306683133965,2.0797809490013077,41.05555555555556
Cergy le Haut,2.0,RER A,IDFM:monomodalStopPlace:43104,49.04823262405815,2.011579068023536,37.8974358974359
Champ de Mars Tour Eiffel,2.0,RER C,IDFM:monomodalStopPlace:58757,48.8564765666592,2.289656249386548,138.55
Champs-Elysées - Clemenceau,1.0,"Métro 1, Métro 13","IDFM:22090, IDFM:22093",48.86758395955256,2.314397292025236,45.78743961352657
Chardon Lagache,1.0,Métro 10,IDFM:21985,48.84508829917885,2.26690547594029,40.76190476190476
Charenton - Ecoles,2.0,Métro 8,IDFM:22210,48.82125590204953,2.413847237068526,50.03260869565217
Charles Michels,2.0,Métro 10,IDFM:21986,48.94845218204794,2.209550844181164,19.492385786802032
Charles de Gaulle - Etoile,1.5,"Métro 1, RER A, Métro 2, Métro 6","IDFM:463013, IDFM:monomodalStopPlace:58759, IDFM:463043, IDFM:22095",48.87392926445533,2.2951172138230334,90.03684210526316
Charonne,2.0,Métro 9,IDFM:21934,48.85500743705073,2.3848878986690423,48.35
Chaussée d'Antin - La Fayette,2.0,"Métro 9, Métro 7","IDFM:463144, IDFM:22388",48.87288385004922,2.334000835220775,73.36904761904762
Chemin Vert,1.0,Métro 8,IDFM:463146,48.67711790677488,2.5284955729038714,12.96137339055794
Château Landon,2.0,Métro 7,IDFM:22367,48.87844145573239,2.3620179355106075,22.294117647058822
Château Rouge,1.0,Métro 4,IDFM:22152,48.88724193064896,2.3495819680256598,32.78947368421053
Château d'Eau,1.0,Métro 4,IDFM:462979,49.0173264010948,3.0300762614643184,9.184466019417476
Château de Vincennes,1.0,Métro 1,IDFM:463149,48.844057288287736,2.440665522100683,30.545267489711936
Châtelet,2.0,"Métro 1, Métro 14, Métro 7, Métro 4, Métro 11","IDFM:22087, IDFM:463159, IDFM:22364, IDFM:22092, IDFM:21966",48.38383326546136,2.9444754738705217,40.81669394435352
Châtelet les Halles,2.0,"RER D, RER A, RER B",IDFM:monomodalStopPlace:45102,48.86174503191322,2.34697651043533,190.47540983606558
Cité,2.0,Métro 4,IDFM:22150,48.85493384910671,2.3472322349319112,45.55952380952381
Cluny - La Sorbonne,2.0,Métro 10,IDFM:462944,48.851026876874485,2.34489630121208,39.93023255813954
Colonel Fabien,2.0,Métro 2,IDFM:22120,48.913302545818446,2.5054535106841684,16.374839537869065
Commerce,1.0,Métro 8,IDFM:463162,48.78918760580635,2.661174260965592,56.35087719298246
Concorde,1.6666666666666667,"Métro 8, Métro 12, Métro 1","IDFM:22096, IDFM:22057, IDFM:463150",48.86707308709521,2.3210155854989742,33.4485294117647
Convention,2.0,Métro 12,IDFM:462949,48.837125900521,2.2963642614342694,19.513636363636362
Corentin Cariou,1.0,Métro 7,IDFM:463152,48.89467266005628,2.382291557164633,58.131147540983605
Corentin Celton,2.0,Métro 12,IDFM:22061,48.82682329515912,2.2789586605256367,66.20930232558139
Cour Saint-Emilion,1.0,Métro 14,IDFM:463165,48.83334999725014,2.386464909364189,103.38095238095238
Courcelles,2.0,Métro 2,IDFM:22121,48.984730168966,3.199472024365892,31.59090909090909
Couronnes,2.0,Métro 2,IDFM:22126,48.91457167078818,2.568573484903971,24.71657754010695
Crimée,2.0,Métro 7,IDFM:463155,48.8908857589288,2.37693573698238,37.83505154639175
Croix de Chavaux,2.0,Métro 9,IDFM:21943,48.857992585158016,2.4358546126745826,80.04651162790698
Danube,2.0,Métro 7B,IDFM:24687,48.88194921492064,2.393228471227492,23.476190476190474
Daumesnil,2.0,"Métro 6, Métro 8","IDFM:463169, IDFM:463168",48.839434008053175,2.396148628489371,43.79187817258883
Denfert-Rochereau,1.6666666666666667,"Métro 6, Métro 4, RER B","IDFM:463103, IDFM:22151, IDFM:monomodalStopPlace:473890",48.84346935009936,2.2466254735103908,26.913793103448278
Dugommier,2.0,Métro 6,IDFM:463075,48.83895109404536,2.3896007705991944,33.348837209302324
Duroc,2.0,"Métro 13, Métro 10","IDFM:463083, IDFM:21970",48.84675637808778,2.3162247549746047,44.790055248618785
Ecole Militaire,1.0,Métro 8,IDFM:463177,48.79946357690586,2.069357742867933,6.583333333333333
Ecole Vétérinaire de Maisons-Alfort,1.0,Métro 8,IDFM:22214,48.814758684006726,2.422322751702586,30.756972111553786
Edgar Quinet,2.0,Métro 6,IDFM:22172,48.84098044632817,2.3253749636089105,50.48936170212766
Eglise d'Auteuil,2.0,Métro 10,IDFM:21971,48.84714336145718,2.269111389021892,24.75
Eglise de Pantin,2.0,Métro 5,IDFM:22016,48.89367829303306,2.413468368574782,13.7
Esplanade de la Défense,2.0,Métro 1,IDFM:463170,48.88833173800946,2.2499040727323307,93.79069767441861
Etienne Marcel,1.0,Métro 4,IDFM:463171,48.78098582957594,2.042752949805023,20.63481228668942
Europe,1.0,Métro 3,IDFM:463069,48.804777369609255,2.130018402156782,15.47024246877296
Evry - Courcouronnes,2.0,RER D,IDFM:monomodalStopPlace:47906,48.62490841088466,2.4254628714315247,42.983870967741936
Exelmans,2.0,Métro 9,IDFM:462956,48.84258027627653,2.259800845144346,26.24468085106383
Faidherbe - Chaligny,1.0,Métro 8,IDFM:22204,48.85020070550927,2.384072471688875,36.55084745762712
Falguière,2.0,Métro 12,IDFM:22056,48.844317683534335,2.317551235617027,42.36893203883495
Filles du Calvaire,1.0,Métro 8,IDFM:22200,48.86308830188695,2.366826859795412,75.23809523809524
Fort d'Aubervilliers,2.0,Métro 7,IDFM:22393,48.91475665506255,2.404075377271855,21.681818181818183
Franklin D. Roosevelt,1.5,"Métro 9, Métro 1","IDFM:21931, IDFM:22082",48.86872488799857,2.309488192337113,86.43023255813954
Front Populaire,2.0,Métro 12,IDFM:463082,48.90676304816429,2.365777177193171,67.5952380952381
Félix Faure,1.0,Métro 8,IDFM:22189,48.84268433479664,2.2918472203679703,24.19910514541387
Gabriel Péri,2.0,Métro 13,IDFM:462953,48.67632436044688,2.3179645480544657,13.575091575091575
Gallieni,1.0,Métro 3,IDFM:463174,48.71588436585027,2.4467134767094625,18.767806267806268
Gambetta,2.0,"Métro 3B, Métro 3","IDFM:462997, IDFM:462991",48.96287286141918,2.8850514371424065,13.328332371609925
Gare d'Austerlitz,2.0,"RER C, Métro 10","IDFM:monomodalStopPlace:43072, IDFM:463024",48.84235503507328,2.364530764084249,35.00867052023121
Gare de Lyon,1.75,"Métro 14, RER A, Métro 1, RER D","IDFM:463046, IDFM:monomodalStopPlace:470195, IDFM:463197",48.8442498880687,2.372519782814122,62.92333333333333
Gare de l'Est,1.6666666666666667,"Métro 5, Métro 7, Métro 4","IDFM:22013, IDFM:463001, IDFM:22148",48.87616299446643,2.35806459441865,30.015734265734267
Gare du Nord,2.0,"Métro 5, RER B, RER D, Métro 4","IDFM:463182, IDFM:monomodalStopPlace:462394, IDFM:22149",48.87970181695894,2.3572164888604563,42.81238615664845
Garibaldi,1.0,Métro 13,IDFM:22244,48.7278482454869,2.452827137645366,20.38871473354232
Gaîté,1.0,Métro 13,IDFM:463184,48.87836983455845,2.53831785968535,1.967741935483871
George V,1.0,Métro 1,IDFM:22084,48.87203776458909,2.300759784978918,44.44859813084112
Goncourt,2.0,Métro 11,IDFM:21996,48.8700070178386,2.3707644347484003,24.029411764705884
Grands Boulevards,2.0,"Métro 8, Métro 9","IDFM:22197, IDFM:463049",48.87141461757831,2.343167503558387,44.38461538461539
Grigny Centre,2.0,RER D,IDFM:monomodalStopPlace:43132,48.65484195083382,2.39678605544789,70.63636363636364
Guy Môquet,1.0,Métro 13,IDFM:462952,48.69824210418837,2.424982931858116,7.833333333333333
Haussmann Saint-Lazare,1.0,RER E,IDFM:monomodalStopPlace:58718,48.87499886200119,2.328646179742093,127.76190476190476
Havre-Caumartin,1.5,"Métro 3, Métro 9","IDFM:21906, IDFM:463188",48.87373153846549,2.327977479041367,22.13157894736842
Hoche,2.0,Métro 5,IDFM:463017,48.80528339135526,2.0177156580994344,29.869731800766285
Hôtel de Ville,1.5,"Métro 11, Métro 1","IDFM:463061, IDFM:22091",48.82055453681215,2.301681759844562,11.371428571428572
Invalides,1.0,"RER C, Métro 8, Métro 13","IDFM:monomodalStopPlace:470540, IDFM:22193, IDFM:22185",48.86053445554123,2.3146399951225347,60.54545454545455
Iéna,3.0,Métro 9,IDFM:21927,48.86505446735678,2.295414509057325,27.09090909090909
Jacques Bonsergent,2.0,Métro 5,IDFM:22011,48.87066646803471,2.3611315892483544,33.404411764705884
Jasmin,2.0,Métro 9,IDFM:21928,48.85246214784456,2.268219083521012,38.169117647058826
Jaurès,2.5,"Métro 7B, Métro 5","IDFM:24680, IDFM:21952",48.951076067021226,2.582101963625576,26.072649572649574
Javel - André Citroën,2.0,Métro 10,IDFM:21972,48.84618110622323,2.278009496527359,39.93023255813954
Jourdain,1.0,Métro 11,IDFM:21995,48.875247348641416,2.389325378910096,21.901315789473685
Jules Joffrin,1.0,Métro 12,IDFM:463065,48.892492268201934,2.3443200293804827,66.02325581395348
Jussieu,1.5,"Métro 10, Métro 7","IDFM:463077, IDFM:463078",48.84619789163701,2.3549316718232256,19.31268436578171
Kléber,2.0,Métro 6,IDFM:22170,48.87148941293503,2.293146137248626,28.977186311787072
La Courneuve - 8 Mai 1945,2.0,Métro 7,IDFM:22395,48.92024579662936,2.4102214036405085,49.59090909090909
La Défense,2.0,RER A,IDFM:monomodalStopPlace:470549,48.892229801568206,2.238418596250407,118.6867469879518
La Défense (Grande Arche),1.0,Métro 1,IDFM:22101,48.89181786646099,2.237988183098828,61.69767441860465
La Fourche,1.0,Métro 13,IDFM:22227,48.9080011022044,2.495722148326561,18.875
La Motte-Picquet - Grenelle,1.0,"Métro 10, Métro 8","IDFM:463202, IDFM:22183",48.84876516720478,2.298142185685332,28.301204819277107
La Muette,2.0,Métro 9,IDFM:21929,48.85809196689865,2.2740962446697224,38.735537190082646
La Tour-Maubourg,1.0,Métro 8,IDFM:22192,48.85766922956403,2.310588789873988,73.48837209302326
Lamarck - Caulaincourt,1.0,Métro 12,IDFM:463205,48.8896991322768,2.338463589982122,33.101694915254235
Laumière,3.0,Métro 5,IDFM:462999,48.88513384808583,2.3793909893523923,59.32098765432099
Le Bras de Fer,2.0,RER D,IDFM:monomodalStopPlace:45850,48.62221470217049,2.449345280711697,41.6
Le Kremlin-Bicêtre,2.0,Métro 7,IDFM:22398,48.81025257278989,2.362130413802561,32.833333333333336
Le Peletier,1.0,Métro 7,IDFM:463206,48.874959406040965,2.3401505597063736,42.7875
Ledru-Rollin,2.0,Métro 8,IDFM:22203,48.81545344779458,2.383161897960942,20.357142857142858
Les Agnettes,1.0,Métro 13,IDFM:22232,48.92308777796361,2.286263202479002,32.421052631578945
Les Gobelins,2.0,Métro 7,IDFM:463216,48.83584162234448,2.352416801898276,24.78405315614618
Les Halles,1.0,Métro 4,IDFM:22146,48.86252665962869,2.34600573656331,86.32558139534883
Les Sablons,2.0,Métro 1,IDFM:463217,48.93966871456684,2.872544131661903,15.203900709219859
Liberté,2.0,Métro 8,IDFM:463209,48.826148180607525,2.4064912314699263,14.788011695906432
Liège,1.0,Métro 13,IDFM:22225,48.87953493737576,2.3268526712397555,50.9
Louis Blanc,2.0,"Métro 7B, Métro 7","IDFM:463034, IDFM:22384",48.80059739616773,2.629732666323457,21.607142857142858
Louise Michel,2.0,Métro 3,IDFM:22034,48.98577573519759,1.7075438827927547,19.21727019498607
Lourmel,1.0,Métro 8,IDFM:22187,48.83866086365992,2.2822419598550767,75.21428571428571
Louvre - Rivoli,1.0,Métro 1,IDFM:463218,48.86078090878698,2.3409026134809903,31.054744525547445
Luxembourg,2.0,RER B,IDFM:monomodalStopPlace:43833,48.98414666099993,2.318379413070011,28.973607038123166
Mabillon,1.0,Métro 10,IDFM:21973,48.85284373829949,2.335142819346476,39.93023255813954
Madeleine,1.6666666666666667,"Métro 12, Métro 8, Métro 14","IDFM:463081, IDFM:22194, IDFM:21961",48.97140505423107,3.149005582476601,28.748945147679326
Magenta,2.0,RER E,IDFM:monomodalStopPlace:58572,48.901356997800185,2.389782986275449,41.79032258064516
Mairie d'Aubervilliers,2.0,Métro 12,IDFM:483904,48.9134038942747,2.3802818555927714,36.557291666666664
Mairie d'Issy,2.0,Métro 12,IDFM:463219,48.82558392636129,2.273309332795535,26.548295454545453
Mairie d'Ivry,2.0,Métro 7,IDFM:463220,48.811210093393306,2.383498053635828,32.595238095238095
Mairie de Clichy,2.0,Métro 13,IDFM:22238,48.90349897462669,2.3058484063578857,26.607843137254903
Mairie de Montreuil,2.0,Métro 9,IDFM:21941,48.8622744369706,2.4418193772459085,35.8423645320197
Mairie de Montrouge,2.0,Métro 4,IDFM:26602,48.819131655934754,2.320087247496867,33.205607476635514
Mairie de Saint-Ouen,2.0,"Métro 14, Métro 13","IDFM:480330, IDFM:463212",48.91202122382531,2.3337865427286206,73.65882352941176
Mairie des Lilas,2.0,Métro 11,IDFM:21999,48.87974365006289,2.4162978208011863,21.04605263157895
Maison Blanche,2.0,Métro 7,IDFM:463224,48.93024372507269,1.975855479247203,28.604761904761904
Maisons-Alfort - Les Juilliottes,2.0,Métro 8,IDFM:22216,48.80310585036659,2.4457883063759605,75.21428571428571
Maisons-Alfort - Stade,2.0,Métro 8,IDFM:22215,48.80891847848263,2.434819533389365,73.46511627906976
Malakoff - Plateau de Vanves,1.0,Métro 13,IDFM:22235,48.82220756804045,2.298295381702497,91.14285714285714
Malesherbes,2.0,Métro 3,IDFM:463068,48.882763294053696,2.3094384103380805,47.54838709677419
Maraîchers,2.0,Métro 9,IDFM:463215,48.85226358804668,2.40608475720217,20.5125
Marcadet - Poissonniers,1.5,"Métro 4, Métro 12","IDFM:462974, IDFM:462973",48.89145292865467,2.3499794329782024,38.019762845849804
Marcel Sembat,2.0,Métro 9,IDFM:462914,48.78746896772075,2.179104510368381,16.737439222042138
Marx Dormoy,2.0,Métro 12,IDFM:463236,48.66856661637683,2.5291973497705498,22.120772946859905
Maubert - Mutualité,2.0,Métro 10,IDFM:21975,48.85010969451494,2.348219343927666,24.11242603550296
Michel Bizot,1.0,Métro 8,IDFM:463226,48.837000553950986,2.40228042706469,40.07216494845361
Michel-Ange - Auteuil,2.5,"Métro 10, Métro 9","IDFM:21907, IDFM:463238",48.84747099784501,2.2638740050627413,28.0
Michel-Ange - Molitor,2.5,"Métro 9, Métro 10","IDFM:463239, IDFM:21904",48.84515597018703,2.2618218573220084,58.666666666666664
Mirabeau,2.0,Métro 10,IDFM:21982,48.84707750734599,2.2730641263728333,23.596774193548388
Miromesnil,1.5,"Métro 9, Métro 13","IDFM:462957, IDFM:22224",48.8737728492328,2.3146430401104467,86.58333333333333
Monceau,2.0,Métro 2,IDFM:463240,48.88056877012684,2.309412967374703,25.35625
Montgallet,1.0,Métro 8,IDFM:463241,48.8440641552825,2.39052195642492,45.073170731707314
Montparnasse Bienvenue,1.75,"Métro 6, Métro 13, Métro 4, Métro 12","IDFM:462955, IDFM:22157, IDFM:22143, IDFM:462980",48.84382361125447,2.323989185205003,80.99418604651163
Mouton-Duvernet,1.0,Métro 4,IDFM:22144,48.83165302284046,2.3300048286506234,17.75229357798165
Musée d'Orsay,2.0,RER C,IDFM:monomodalStopPlace:45705,48.860748352847104,2.32378321018576,55.0921052631579
Ménilmontant,2.0,Métro 2,IDFM:22116,48.866440166781686,2.38353966877949,70.02325581395348
Nanterre Préfecture,2.0,RER A,IDFM:monomodalStopPlace:43169,48.895886773064674,2.222986242991368,190.14285714285714
Nation,2.0,"Métro 6, Métro 2, Métro 1, Métro 9, RER A","IDFM:22073, IDFM:22072, IDFM:22080, IDFM:21919, IDFM:monomodalStopPlace:473875",48.84888521841715,2.3959437210498136,103.22916666666667
Neuilly Porte Maillot,2.0,RER C,IDFM:monomodalStopPlace:415093,48.87834780404864,2.284217509613705,91.0
Nogent-sur-Marne,1.0,RER A,IDFM:monomodalStopPlace:47886,48.834306538503405,2.471683791180998,88.25
Noisy-le-Grand - Mont d'Est,2.0,RER A,IDFM:monomodalStopPlace:474082,48.84088525041221,2.550026754158765,124.33333333333333
Notre-Dame des Champs,1.0,Métro 12,IDFM:22051,48.84508150807547,2.328564944227944,66.02325581395348
Notre-Dame-de-Lorette,2.0,Métro 12,IDFM:463062,48.8760350312806,2.3378736192226386,67.5952380952381
Oberkampf,3.0,"Métro 5, Métro 9","IDFM:463059, IDFM:21925",48.86458119806749,2.36852626860384,77.54117647058824
Odéon,1.5,"Métro 4, Métro 10","IDFM:22145, IDFM:21978",48.8519477060765,2.340619126473996,63.870588235294115
Olympiades,2.0,Métro 14,IDFM:463045,48.827123441429386,2.3669231215308075,44.04848484848485
Opéra,1.3333333333333333,"Métro 7, Métro 3, Métro 8","IDFM:22381, IDFM:463246, IDFM:22195",48.87108068838136,2.331583560340747,28.415637860082306
Ourcq,3.0,Métro 5,IDFM:22005,48.88714990283661,2.3866765356019912,30.77952755905512
Palais Royal - Musée du Louvre,2.0,"Métro 1, Métro 7","IDFM:22079, IDFM:22376",48.86222226557415,2.336454367754252,48.78034682080925
Parmentier,2.0,Métro 3,IDFM:22019,48.94824924698212,2.8658468414089544,14.550649350649351
Pasteur,2.0,"Métro 12, Métro 6","IDFM:462947, IDFM:22166",48.7598798062538,2.3187095161787465,14.716188524590164
Pelleport,2.0,Métro 3B,IDFM:21948,48.86842046799948,2.40160636134298,19.67391304347826
Pereire,2.0,Métro 3,IDFM:463228,48.88484432273985,2.297683186012584,45.016666666666666
Pernety,1.0,Métro 13,IDFM:463229,48.834078679774976,2.318393706614701,41.65486725663717
Philippe Auguste,2.0,Métro 2,IDFM:463230,48.858175121260864,2.390547705552573,43.58024691358025
Picpus,2.0,Métro 6,IDFM:463098,48.84501767720269,2.401248269453829,50.55172413793103
Pierre et Marie Curie,2.0,Métro 7,IDFM:22397,48.73747856172913,2.726942674475094,13.870967741935484
Pigalle,2.5,"Métro 12, Métro 2","IDFM:22040, IDFM:22114",48.88201178841109,2.3371840091053384,43.69101123595506
Place Monge,2.0,Métro 7,IDFM:22366,48.842666385642886,2.3521548685787708,63.18604651162791
Place d'Italie,2.0,"Métro 7, Métro 5, Métro 6","IDFM:463026, IDFM:22006, IDFM:463003",48.83096622708413,2.35559694336975,67.61611374407583
Place de Clichy,1.5,"Métro 2, Métro 13","IDFM:22115, IDFM:22129",48.88348047193721,2.328001671291839,31.98270893371758
Place des Fêtes,2.0,"Métro 11, Métro 7B","IDFM:21951, IDFM:24682",48.8772278271806,1.9791615268654208,15.584450402144773
Plaisance,2.0,Métro 13,IDFM:463085,48.83174121370108,2.313833364032832,45.690265486725664
Poissonnière,1.0,Métro 7,IDFM:22377,48.87716484925024,2.3487397513900734,64.69047619047619
Pont Cardinet,2.0,Métro 14,IDFM:480286,48.88702000474643,2.3130640389387915,42.51882845188285
Pont Marie (Cité des Arts),1.0,Métro 7,IDFM:22378,48.85341474936241,2.357349968447059,64.69047619047619
Pont Neuf,1.0,Métro 7,IDFM:463232,48.9397901219991,2.0371549081987514,21.3943661971831
Pont de Levallois - Bécon,1.0,Métro 3,IDFM:462985,48.89718710383118,2.280180198501724,46.39705882352941
Pont de Neuilly,2.0,Métro 1,IDFM:22099,48.88548938897471,2.258495429369125,35.755434782608695
Pont de Sèvres,2.0,Métro 9,IDFM:463233,48.829443621168856,2.228996459992999,17.445628997867804
Pont de l'Alma,2.0,RER C,IDFM:monomodalStopPlace:415091,48.86247496310803,2.3003592740110994,138.6
Port Royal,1.0,RER B,IDFM:monomodalStopPlace:44500,48.83950829423831,2.3371386589059067,29.190812720848058
Porte Dauphine,2.0,Métro 2,IDFM:22111,48.87139679524832,2.277632717545272,46.729729729729726
Porte Dorée,2.0,Métro 8,IDFM:22207,48.8350662204656,2.405749381400099,42.36423841059602
Porte Maillot,1.0,Métro 1,IDFM:22078,48.87816265364455,2.2825838473615496,59.917647058823526
Porte d'Auteuil,2.0,Métro 10,IDFM:463234,48.84704258017948,2.258579172905108,19.137724550898202
Porte d'Italie,1.0,Métro 7,IDFM:463235,48.81903428608761,2.359462523882543,37.36470588235294
Porte d'Ivry,1.0,Métro 7,IDFM:463029,48.821489035562834,2.3695112543194927,27.093167701863354
Porte d'Orléans,2.0,Métro 4,IDFM:463092,48.82086336948402,2.3257169716159,27.217032967032967
Porte de Bagnolet,2.0,Métro 3,IDFM:463276,48.86432836987192,2.4088234090802456,20.786008230452676
Porte de Champerret,2.0,Métro 3,IDFM:463258,48.885736266685264,2.291848147336647,33.09285714285714
Porte de Charenton,1.0,Métro 8,IDFM:22208,48.83127896564364,2.3983682235305785,35.3681592039801
Porte de Choisy,1.0,Métro 7,IDFM:463030,48.81987002709235,2.3660850495239054,30.561643835616437
Porte de Clichy,2.0,"Métro 14, Métro 13, RER C","IDFM:480541, IDFM:463278, IDFM:monomodalStopPlace:44514",48.89464071673921,2.3136590957118317,40.88562091503268
Porte de Clignancourt,2.0,Métro 4,IDFM:463073,48.89755778141871,2.3447472731828847,31.719354838709677
Porte de Montreuil,2.0,Métro 9,IDFM:463279,48.85356350094303,2.4107036110235414,29.376288659793815
Porte de Pantin,2.0,Métro 5,IDFM:463280,48.888535337600175,2.3920607143419303,29.465608465608465
Porte de Saint-Cloud,2.0,Métro 9,IDFM:463259,48.83795840561949,2.2570461929221506,34.586497890295355
Porte de Saint-Ouen,1.0,Métro 13,IDFM:22220,48.89805705604687,2.3293412178676056,23.727272727272727
Porte de Vanves,1.0,Métro 13,IDFM:463260,48.827116693650815,2.3041956026035315,34.93607305936073
Porte de Versailles,1.0,Métro 12,IDFM:22042,48.83301690715141,2.2889541932682653,39.723404255319146
Porte de Vincennes,2.0,Métro 1,IDFM:22077,48.84700773108863,2.4108049967015006,32.544444444444444
Porte de la Chapelle,1.0,Métro 12,IDFM:22041,48.89740242267042,2.359248542310361,26.218289085545724
Porte de la Villette,2.0,Métro 7,IDFM:22374,48.89780269235572,2.385869033143345,28.337899543378995
Porte des Lilas,1.5,"Métro 11, Métro 3B","IDFM:463263, IDFM:463262",48.87652599762882,2.4075396641899074,25.30528846153846
Pré-Saint-Gervais,2.0,Métro 7B,IDFM:24684,48.8801595806643,2.398580770693528,24.13953488372093
Pyramides,1.0,"Métro 14, Métro 7","IDFM:21960, IDFM:22375",48.86575552737676,2.3346236060049232,38.9344262295082
Pyrénées,2.0,Métro 11,IDFM:21991,48.96488848853145,2.2369172213129707,16.718954248366014
Père Lachaise,2.5,"Métro 2, Métro 3","IDFM:22112, IDFM:22020",48.86296417435419,2.386157046298338,38.83522727272727
Péreire Levallois,2.0,RER C,IDFM:monomodalStopPlace:44314,48.88533971669962,2.2978128737198227,20.632075471698112
Quatre Septembre,2.0,Métro 3,IDFM:22024,48.86959592111917,2.3362786423248583,49.07142857142857
Rambuteau,2.0,Métro 11,IDFM:21992,48.86119015695036,2.353273948594772,47.16279069767442
Ranelagh,2.0,Métro 9,IDFM:463290,48.855306214887065,2.270032697561899,38.95070422535211
Raspail,1.5,"Métro 6, Métro 4","IDFM:463292, IDFM:22131",48.92483875292141,2.863327964543537,58.41085271317829
Rennes,2.0,Métro 12,IDFM:462968,48.84833282904063,2.3277871847873874,66.02325581395348
Reuilly - Diderot,1.5,"Métro 8, Métro 1","IDFM:22098, IDFM:463294",48.84723403765801,2.386056169673362,41.05607476635514
Richard-Lenoir,2.0,Métro 5,IDFM:22002,48.8579403137847,2.3712372760722378,13.058823529411764
Richelieu - Drouot,2.0,"Métro 8, Métro 9","IDFM:22196, IDFM:21921",48.87213587031796,2.3385912215385414,47.943396226415096
Riquet,1.0,Métro 7,IDFM:22371,48.88810829453359,2.373764152701256,29.724137931034484
Robespierre,2.0,Métro 9,IDFM:21942,48.653049890010806,2.347728564450225,21.236301369863014
Rome,2.0,Métro 2,IDFM:463296,48.83264297838223,2.739331262523718,46.65151515151515
Rue Saint-Maur,2.0,Métro 3,IDFM:22025,48.86413108020325,2.380486332251813,59.69767441860465
Rue de la Pompe,2.0,Métro 9,IDFM:21908,48.863951708879945,2.2778858979590564,47.37755102040816
Rue des Boulets,2.0,Métro 9,IDFM:22442,48.85221407333194,2.3891047050322425,48.35
Rue du Bac,2.0,Métro 12,IDFM:22043,48.85587553200213,2.3256727584985164,54.78846153846154
Réaumur - Sébastopol,1.5,"Métro 3, Métro 4","IDFM:463091, IDFM:463072",48.86638175675157,2.3520507871028355,43.067796610169495
République,2.0,"Métro 3, Métro 8, Métro 11, Métro 5, Métro 9","IDFM:462946, IDFM:462962, IDFM:462960, IDFM:21903, IDFM:462963",48.86725943152733,2.364785876547561,1.0
Saint-Ambroise,2.0,Métro 9,IDFM:21910,48.86141665790915,2.3738805382115475,37.32203389830509
Saint-Augustin,2.0,Métro 9,IDFM:21911,48.55794964117084,3.1522612846969658,1.25
Saint-Denis - Porte de Paris,2.0,Métro 13,IDFM:463301,48.92992275044576,2.3561729251016,40.71764705882353
Saint-Denis - Université,2.0,Métro 13,IDFM:22242,48.9464237960711,2.364447071735675,8.363636363636363
Saint-Fargeau,2.0,Métro 3B,IDFM:21946,48.87184337222297,2.4044981831688688,26.97530864197531
Saint-François-Xavier,2.0,Métro 13,IDFM:22217,48.8512787565696,2.314407403528732,42.46153846153846
Saint-Georges,1.0,Métro 12,IDFM:22044,48.87841659490173,2.3375706403796697,38.282051282051285
Saint-Germain-des-Prés,1.0,Métro 4,IDFM:462993,48.85357456382241,2.333947810798194,29.095238095238095
Saint-Germain-en-Laye,1.0,RER A,IDFM:monomodalStopPlace:43198,48.9016780302558,2.095045494221349,41.54237288135593
Saint-Lazare,1.75,"Métro 3, Métro 13, Métro 12, Métro 14","IDFM:462971, IDFM:22218, IDFM:462969, IDFM:462972",48.87560743718584,2.324122029700433,79.85882352941177
Saint-Mandé,2.0,Métro 1,IDFM:463040,48.84623820806007,2.418962354532708,92.65116279069767
Saint-Marcel,2.0,Métro 5,IDFM:463097,48.83853898898134,2.3606397867113924,73.09302325581395
Saint-Michel,1.0,Métro 4,IDFM:463306,48.85358493521485,2.343964657062377,22.67049808429119
Saint-Michel Notre-Dame,1.5,"RER C, RER B",IDFM:monomodalStopPlace:44877,48.85302379374016,2.344959780029387,199.1
Saint-Ouen,2.0,"Métro 14, RER C","IDFM:480341, IDFM:monomodalStopPlace:43203",48.90521399238465,2.322659882113172,85.34920634920636
Saint-Paul (Le Marais),1.0,Métro 1,IDFM:22074,48.85518742160445,2.3608852562751967,92.69767441860465
Saint-Philippe-du-Roule,3.0,Métro 9,IDFM:462915,48.87215435003593,2.310001699600818,34.31372549019608
Saint-Placide,1.0,Métro 4,IDFM:463308,48.847041473609366,2.3268499626718526,86.32558139534883
Saint-Sulpice,1.0,Métro 4,IDFM:462992,48.85120862756671,2.330611953081543,50.84146341463415
Saint-Sébastien - Froissart,1.0,Métro 8,IDFM:22201,48.86098670797991,2.367370357789606,75.23809523809524
Sentier,2.0,Métro 3,IDFM:462986,48.86734660429376,2.3475538159377884,32.37755102040816
Sevran Beaudottes,2.0,RER B,IDFM:monomodalStopPlace:43193,48.94700236504643,2.5247262164471342,88.45
Simplon,1.0,Métro 4,IDFM:22133,48.8938152613519,2.347794968187123,38.15929203539823
Solférino,2.0,Métro 12,IDFM:463311,48.85855008964175,2.323102988298513,30.454545454545453
Stalingrad,2.0,"Métro 5, Métro 7","IDFM:22001, IDFM:463008",48.8841445128949,2.367348121277192,23.447574334898277
Strasbourg - Saint-Denis,1.6666666666666667,"Métro 8, Métro 9, Métro 4","IDFM:22159, IDFM:21920, IDFM:22134",48.869349679171926,2.3537315826731837,61.91256830601093
Sully - Morland,2.0,Métro 7,IDFM:22369,48.85120791254347,2.3617517381263218,30.167630057803468
Sèvres - Babylone,2.0,"Métro 12, Métro 10","IDFM:21980, IDFM:21976",48.85093150598804,2.326104689925573,24.617910447761194
Ségur,2.0,Métro 10,IDFM:463315,48.84722639005396,2.3072520746428715,39.93023255813954
Temple,2.0,Métro 3,IDFM:463316,48.86675662943444,2.361561234526356,21.271523178807946
Ternes,2.0,Métro 2,IDFM:22108,48.8782007528283,2.2981136521983068,33.6258064516129
Tolbiac,2.0,Métro 7,IDFM:463267,48.82613686175372,2.357318439213192,65.0
Trinité - d'Estienne d'Orves,2.0,Métro 12,IDFM:463317,48.87625096700832,2.333030634158166,67.5952380952381
Trocadéro,2.5,"Métro 9, Métro 6","IDFM:21917, IDFM:22164",48.863088061116,2.28683987979629,41.90344827586207
Tuileries,1.0,Métro 1,IDFM:463041,48.65029853037635,2.3939468557442822,35.552
Télégraphe,2.0,Métro 11,IDFM:21993,48.67144692865205,2.2764019723672035,34.35
Val de Fontenay,2.0,RER A,IDFM:monomodalStopPlace:47900,48.85424654032024,2.4890536307751616,100.0
Vaneau,2.0,Métro 10,IDFM:462959,48.84870050683084,2.321227717195941,39.93023255813954
Varenne,2.0,Métro 13,IDFM:463320,48.85662498274656,2.315113930509657,89.02325581395348
Vaugirard,1.0,Métro 12,IDFM:463321,48.8389837284038,2.3003039935528315,34.57142857142857
Vavin,1.0,Métro 4,IDFM:463016,48.842242093452064,2.32902391746117,32.4811320754717
Victor Hugo,2.0,Métro 2,IDFM:22109,48.73253771143796,2.4211245984369416,12.526585820895523
Villejuif - Louis Aragon,2.0,Métro 7,IDFM:22400,48.78753717099888,2.36783901176962,21.982758620689655
Villejuif Léo Lagrange,2.0,Métro 7,IDFM:463323,48.80435318028833,2.3639317476477357,32.833333333333336
Villejuif Paul Vaillant-Couturier,2.0,Métro 7,IDFM:22401,48.79631793416014,2.3683316015776423,32.833333333333336
Villiers,2.0,"Métro 3, Métro 2","IDFM:22027, IDFM:462988",48.89610905142955,2.272925107382912,38.6578947368421
Vincennes,2.0,RER A,IDFM:monomodalStopPlace:43224,48.84734683460296,2.4325836014183,218.8
Volontaires,2.0,Métro 12,IDFM:22048,48.84141172841498,2.3079833805768515,67.5952380952381
Voltaire,2.0,Métro 9,IDFM:463325,48.69344320231596,2.148868911834327,18.1892797319933
Wagram,2.0,Métro 3,IDFM:463070,48.88376067556563,2.3046251407269573,42.516129032258064
